,precision,fdr,tpr,model_name,race
0,0.0531570905731443,0.28403995458663517,0.01595775180908038,"LogisticRegression(C=0.01, class_weight='balanced', dual=False,
          fit_intercept=True, intercept_scaling=1, max_iter=200,
          multi_class='warn', n_jobs=None, penalty='l1', random_state=123,
          solver='warn', tol=0.0001, verbose=0, warm_start=False)",white
1,0.053263689016807024,0.2840026835170128,0.015995022878702737,"LogisticRegression(C=0.05, class_weight='balanced', dual=False,
          fit_intercept=True, intercept_scaling=1, max_iter=200,
          multi_class='warn', n_jobs=None, penalty='l1', random_state=123,
          solver='warn', tol=0.0001, verbose=0, warm_start=False)",white
2,0.053263689016807024,0.2840026835170128,0.015995022878702737,"LogisticRegression(C=0.1, class_weight='balanced', dual=False,
          fit_intercept=True, intercept_scaling=1, max_iter=200,
          multi_class='warn', n_jobs=None, penalty='l1', random_state=123,
          solver='warn', tol=0.0001, verbose=0, warm_start=False)",white
3,0.053263689016807024,0.2840026835170128,0.015995022878702737,"LogisticRegression(C=0.2, class_weight='balanced', dual=False,
          fit_intercept=True, intercept_scaling=1, max_iter=200,
          multi_class='warn', n_jobs=None, penalty='l1', random_state=123,
          solver='warn', tol=0.0001, verbose=0, warm_start=False)",white
4,0.0532459226095299,0.2840026835170128,0.015995022878702737,"LogisticRegression(C=0.5, class_weight='balanced', dual=False,
          fit_intercept=True, intercept_scaling=1, max_iter=200,
          multi_class='warn', n_jobs=None, penalty='l1', random_state=123,
          solver='warn', tol=0.0001, verbose=0, warm_start=False)",white
5,0.0532459226095299,0.2840026835170128,0.015995022878702737,"LogisticRegression(C=1.0, class_weight='balanced', dual=False,
          fit_intercept=True, intercept_scaling=1, max_iter=200,
          multi_class='warn', n_jobs=None, penalty='l1', random_state=123,
          solver='warn', tol=0.0001, verbose=0, warm_start=False)",white
6,0.0532459226095299,0.2840026835170128,0.015995022878702737,"LogisticRegression(C=2, class_weight='balanced', dual=False,
          fit_intercept=True, intercept_scaling=1, max_iter=200,
          multi_class='warn', n_jobs=None, penalty='l1', random_state=123,
          solver='warn', tol=0.0001, verbose=0, warm_start=False)",white
7,0.05322815620225278,0.2840456885973463,0.015952017798369248,"LogisticRegression(C=0.01, class_weight='balanced', dual=False,
          fit_intercept=True, intercept_scaling=1, max_iter=200,
          multi_class='warn', n_jobs=None, penalty='l2', random_state=123,
          solver='warn', tol=0.0001, verbose=0, warm_start=False)",white
8,0.05321927299861422,0.2840284865652129,0.015969219830502642,"LogisticRegression(C=0.05, class_weight='balanced', dual=False,
          fit_intercept=True, intercept_scaling=1, max_iter=200,
          multi_class='warn', n_jobs=None, penalty='l2', random_state=123,
          solver='warn', tol=0.0001, verbose=0, warm_start=False)",white
9,0.05321927299861422,0.2840198855491462,0.015977820846569343,"LogisticRegression(C=0.1, class_weight='balanced', dual=False,
          fit_intercept=True, intercept_scaling=1, max_iter=200,
          multi_class='warn', n_jobs=None, penalty='l2', random_state=123,
          solver='warn', tol=0.0001, verbose=0, warm_start=False)",white
10,0.053263689016807024,0.2840026835170128,0.015995022878702737,"LogisticRegression(C=0.2, class_weight='balanced', dual=False,
          fit_intercept=True, intercept_scaling=1, max_iter=200,
          multi_class='warn', n_jobs=None, penalty='l2', random_state=123,
          solver='warn', tol=0.0001, verbose=0, warm_start=False)",white
11,0.0532459226095299,0.2840026835170128,0.015995022878702737,"LogisticRegression(C=0.5, class_weight='balanced', dual=False,
          fit_intercept=True, intercept_scaling=1, max_iter=200,
          multi_class='warn', n_jobs=None, penalty='l2', random_state=123,
          solver='warn', tol=0.0001, verbose=0, warm_start=False)",white
12,0.0532459226095299,0.2840026835170128,0.015995022878702737,"LogisticRegression(C=1.0, class_weight='balanced', dual=False,
          fit_intercept=True, intercept_scaling=1, max_iter=200,
          multi_class='warn', n_jobs=None, penalty='l2', random_state=123,
          solver='warn', tol=0.0001, verbose=0, warm_start=False)",white
13,0.0532459226095299,0.2840026835170128,0.015995022878702737,"LogisticRegression(C=2, class_weight='balanced', dual=False,
          fit_intercept=True, intercept_scaling=1, max_iter=200,
          multi_class='warn', n_jobs=None, penalty='l2', random_state=123,
          solver='warn', tol=0.0001, verbose=0, warm_start=False)",white
14,0.04153786021390754,0.2821477310519616,0.017849975343753943,"DecisionTreeClassifier(class_weight='balanced', criterion='gini', max_depth=3,
            max_features=None, max_leaf_nodes=None,
            min_impurity_decrease=0.0, min_impurity_split=None,
            min_samples_leaf=1, min_samples_split=2,
            min_weight_fraction_leaf=0.0, presort=False, random_state=123,
            splitter='best')",white
15,0.05870020964360587,0.28753196710971457,0.012465739286000987,"DecisionTreeClassifier(class_weight='balanced', criterion='gini', max_depth=3,
            max_features=None, max_leaf_nodes=None,
            min_impurity_decrease=0.0, min_impurity_split=None,
            min_samples_leaf=1, min_samples_split=4,
            min_weight_fraction_leaf=0.0, presort=False, random_state=123,
            splitter='best')",white
16,0.04153786021390754,0.2821505980573172,0.017847108338398376,"DecisionTreeClassifier(class_weight='balanced', criterion='gini', max_depth=3,
            max_features=None, max_leaf_nodes=None,
            min_impurity_decrease=0.0, min_impurity_split=None,
            min_samples_leaf=1, min_samples_split=8,
            min_weight_fraction_leaf=0.0, presort=False, random_state=123,
            splitter='best')",white
17,0.06248445439363252,0.28148545281482584,0.01851225358088969,"DecisionTreeClassifier(class_weight='balanced', criterion='gini', max_depth=5,
            max_features=None, max_leaf_nodes=None,
            min_impurity_decrease=0.0, min_impurity_split=None,
            min_samples_leaf=1, min_samples_split=2,
            min_weight_fraction_leaf=0.0, presort=False, random_state=123,
            splitter='best')",white
18,0.06124080588423409,0.28111274211860227,0.01888496427711327,"DecisionTreeClassifier(class_weight='balanced', criterion='gini', max_depth=5,
            max_features=None, max_leaf_nodes=None,
            min_impurity_decrease=0.0, min_impurity_split=None,
            min_samples_leaf=1, min_samples_split=4,
            min_weight_fraction_leaf=0.0, presort=False, random_state=123,
            splitter='best')",white
19,0.06247557118999396,0.2814825858094703,0.018515120586245257,"DecisionTreeClassifier(class_weight='balanced', criterion='gini', max_depth=5,
            max_features=None, max_leaf_nodes=None,
            min_impurity_decrease=0.0, min_impurity_split=None,
            min_samples_leaf=1, min_samples_split=8,
            min_weight_fraction_leaf=0.0, presort=False, random_state=123,
            splitter='best')",white
20,0.06802757346409409,0.2792233855892843,0.020774320806431268,"DecisionTreeClassifier(class_weight='balanced', criterion='gini',
            max_depth=10, max_features=None, max_leaf_nodes=None,
            min_impurity_decrease=0.0, min_impurity_split=None,
            min_samples_leaf=1, min_samples_split=2,
            min_weight_fraction_leaf=0.0, presort=False, random_state=123,
            splitter='best')",white
21,0.06761006289308176,0.2790943703482838,0.020903336047431737,"DecisionTreeClassifier(class_weight='balanced', criterion='gini',
            max_depth=10, max_features=None, max_leaf_nodes=None,
            min_impurity_decrease=0.0, min_impurity_split=None,
            min_samples_leaf=1, min_samples_split=4,
            min_weight_fraction_leaf=0.0, presort=False, random_state=123,
            splitter='best')",white
22,0.06803645666773266,0.2792233855892843,0.020774320806431268,"DecisionTreeClassifier(class_weight='balanced', criterion='gini',
            max_depth=10, max_features=None, max_leaf_nodes=None,
            min_impurity_decrease=0.0, min_impurity_split=None,
            min_samples_leaf=1, min_samples_split=8,
            min_weight_fraction_leaf=0.0, presort=False, random_state=123,
            splitter='best')",white
23,0.07163415414134953,0.27731109301712176,0.02268661337859379,"DecisionTreeClassifier(class_weight='balanced', criterion='gini',
            max_depth=20, max_features=None, max_leaf_nodes=None,
            min_impurity_decrease=0.0, min_impurity_split=None,
            min_samples_leaf=1, min_samples_split=2,
            min_weight_fraction_leaf=0.0, presort=False, random_state=123,
            splitter='best')",white
24,0.07539174928046051,0.2786155804539043,0.02138212594181126,"DecisionTreeClassifier(class_weight='balanced', criterion='gini',
            max_depth=20, max_features=None, max_leaf_nodes=None,
            min_impurity_decrease=0.0, min_impurity_split=None,
            min_samples_leaf=1, min_samples_split=4,
            min_weight_fraction_leaf=0.0, presort=False, random_state=123,
            splitter='best')",white
25,0.07142095725402409,0.27734549708138856,0.022652209314326998,"DecisionTreeClassifier(class_weight='balanced', criterion='gini',
            max_depth=20, max_features=None, max_leaf_nodes=None,
            min_impurity_decrease=0.0, min_impurity_split=None,
            min_samples_leaf=1, min_samples_split=8,
            min_weight_fraction_leaf=0.0, presort=False, random_state=123,
            splitter='best')",white
26,0.05089187364531145,0.2786499845181711,0.021347721877544468,"DecisionTreeClassifier(class_weight='balanced', criterion='gini',
            max_depth=50, max_features=None, max_leaf_nodes=None,
            min_impurity_decrease=0.0, min_impurity_split=None,
            min_samples_leaf=1, min_samples_split=2,
            min_weight_fraction_leaf=0.0, presort=False, random_state=123,
            splitter='best')",white
27,0.07010624311551718,0.28420910790261356,0.015788598493101984,"DecisionTreeClassifier(class_weight='balanced', criterion='gini',
            max_depth=50, max_features=None, max_leaf_nodes=None,
            min_impurity_decrease=0.0, min_impurity_split=None,
            min_samples_leaf=1, min_samples_split=4,
            min_weight_fraction_leaf=0.0, presort=False, random_state=123,
            splitter='best')",white
28,0.05231318622748108,0.27936673585706256,0.020630970538652968,"DecisionTreeClassifier(class_weight='balanced', criterion='gini',
            max_depth=50, max_features=None, max_leaf_nodes=None,
            min_impurity_decrease=0.0, min_impurity_split=None,
            min_samples_leaf=1, min_samples_split=8,
            min_weight_fraction_leaf=0.0, presort=False, random_state=123,
            splitter='best')",white
29,0.06910244110435988,0.28398834849023497,0.016009357905480567,"DecisionTreeClassifier(class_weight='balanced', criterion='gini',
            max_depth=100, max_features=None, max_leaf_nodes=None,
            min_impurity_decrease=0.0, min_impurity_split=None,
            min_samples_leaf=1, min_samples_split=2,
            min_weight_fraction_leaf=0.0, presort=False, random_state=123,
            splitter='best')",white
30,0.051700245176420426,0.2793724698677737,0.020625236527941834,"DecisionTreeClassifier(class_weight='balanced', criterion='gini',
            max_depth=100, max_features=None, max_leaf_nodes=None,
            min_impurity_decrease=0.0, min_impurity_split=None,
            min_samples_leaf=1, min_samples_split=4,
            min_weight_fraction_leaf=0.0, presort=False, random_state=123,
            splitter='best')",white
31,0.06910244110435988,0.28399694950630167,0.01600075688941387,"DecisionTreeClassifier(class_weight='balanced', criterion='gini',
            max_depth=100, max_features=None, max_leaf_nodes=None,
            min_impurity_decrease=0.0, min_impurity_split=None,
            min_samples_leaf=1, min_samples_split=8,
            min_weight_fraction_leaf=0.0, presort=False, random_state=123,
            splitter='best')",white
32,0.05944639874924493,0.28248890468927396,0.017508801706441587,"RandomForestClassifier(bootstrap=True, class_weight='balanced',
            criterion='gini', max_depth=5, max_features='auto',
            max_leaf_nodes=None, min_impurity_decrease=0.0,
            min_impurity_split=None, min_samples_leaf=1,
            min_samples_split=2, min_weight_fraction_leaf=0.0,
            n_estimators=100, n_jobs=None, oob_score=False,
            random_state=123, verbose=0, warm_start=False)",white
33,0.07162527093771097,0.2786499845181711,0.021347721877544468,"RandomForestClassifier(bootstrap=True, class_weight='balanced',
            criterion='gini', max_depth=10, max_features='auto',
            max_leaf_nodes=None, min_impurity_decrease=0.0,
            min_impurity_split=None, min_samples_leaf=1,
            min_samples_split=2, min_weight_fraction_leaf=0.0,
            n_estimators=100, n_jobs=None, oob_score=False,
            random_state=123, verbose=0, warm_start=False)",white
34,0.07433464804747184,0.27787589307216826,0.022121813323547287,"RandomForestClassifier(bootstrap=True, class_weight='balanced',
            criterion='gini', max_depth=20, max_features='auto',
            max_leaf_nodes=None, min_impurity_decrease=0.0,
            min_impurity_split=None, min_samples_leaf=1,
            min_samples_split=2, min_weight_fraction_leaf=0.0,
            n_estimators=100, n_jobs=None, oob_score=False,
            random_state=123, verbose=0, warm_start=False)",white
35,0.07901609636499307,0.27561669285198226,0.024381013543733298,"RandomForestClassifier(bootstrap=True, class_weight='balanced',
            criterion='gini', max_depth=100, max_features='auto',
            max_leaf_nodes=None, min_impurity_decrease=0.0,
            min_impurity_split=None, min_samples_leaf=1,
            min_samples_split=2, min_weight_fraction_leaf=0.0,
            n_estimators=100, n_jobs=None, oob_score=False,
            random_state=123, verbose=0, warm_start=False)",white
36,0.05944639874924493,0.28248890468927396,0.017508801706441587,"RandomForestClassifier(bootstrap=True, class_weight='balanced',
            criterion='gini', max_depth=5, max_features='auto',
            max_leaf_nodes=None, min_impurity_decrease=0.0,
            min_impurity_split=None, min_samples_leaf=1,
            min_samples_split=4, min_weight_fraction_leaf=0.0,
            n_estimators=100, n_jobs=None, oob_score=False,
            random_state=123, verbose=0, warm_start=False)",white
37,0.07129659240308425,0.27875893072168256,0.02123877567403296,"RandomForestClassifier(bootstrap=True, class_weight='balanced',
            criterion='gini', max_depth=10, max_features='auto',
            max_leaf_nodes=None, min_impurity_decrease=0.0,
            min_impurity_split=None, min_samples_leaf=1,
            min_samples_split=4, min_weight_fraction_leaf=0.0,
            n_estimators=100, n_jobs=None, oob_score=False,
            random_state=123, verbose=0, warm_start=False)",white
38,0.0737838894218811,0.2779131641417906,0.022084542253924932,"RandomForestClassifier(bootstrap=True, class_weight='balanced',
            criterion='gini', max_depth=20, max_features='auto',
            max_leaf_nodes=None, min_impurity_decrease=0.0,
            min_impurity_split=None, min_samples_leaf=1,
            min_samples_split=4, min_weight_fraction_leaf=0.0,
            n_estimators=100, n_jobs=None, oob_score=False,
            random_state=123, verbose=0, warm_start=False)",white
39,0.07842980492484809,0.27647392745329646,0.023523778942419065,"RandomForestClassifier(bootstrap=True, class_weight='balanced',
            criterion='gini', max_depth=100, max_features='auto',
            max_leaf_nodes=None, min_impurity_decrease=0.0,
            min_impurity_split=None, min_samples_leaf=1,
            min_samples_split=4, min_weight_fraction_leaf=0.0,
            n_estimators=100, n_jobs=None, oob_score=False,
            random_state=123, verbose=0, warm_start=False)",white
40,0.05944639874924493,0.28248890468927396,0.017508801706441587,"RandomForestClassifier(bootstrap=True, class_weight='balanced',
            criterion='gini', max_depth=5, max_features='auto',
            max_leaf_nodes=None, min_impurity_decrease=0.0,
            min_impurity_split=None, min_samples_leaf=1,
            min_samples_split=8, min_weight_fraction_leaf=0.0,
            n_estimators=100, n_jobs=None, oob_score=False,
            random_state=123, verbose=0, warm_start=False)",white
41,0.0718207014177593,0.2785496393307263,0.02144806706498928,"RandomForestClassifier(bootstrap=True, class_weight='balanced',
            criterion='gini', max_depth=10, max_features='auto',
            max_leaf_nodes=None, min_impurity_decrease=0.0,
            min_impurity_split=None, min_samples_leaf=1,
            min_samples_split=8, min_weight_fraction_leaf=0.0,
            n_estimators=100, n_jobs=None, oob_score=False,
            random_state=123, verbose=0, warm_start=False)",white
42,0.07441459688021888,0.2778357549971903,0.022161951398525212,"RandomForestClassifier(bootstrap=True, class_weight='balanced',
            criterion='gini', max_depth=20, max_features='auto',
            max_leaf_nodes=None, min_impurity_decrease=0.0,
            min_impurity_split=None, min_samples_leaf=1,
            min_samples_split=8, min_weight_fraction_leaf=0.0,
            n_estimators=100, n_jobs=None, oob_score=False,
            random_state=123, verbose=0, warm_start=False)",white
43,0.07776356465195608,0.2765742726407413,0.023423433754974254,"RandomForestClassifier(bootstrap=True, class_weight='balanced',
            criterion='gini', max_depth=100, max_features='auto',
            max_leaf_nodes=None, min_impurity_decrease=0.0,
            min_impurity_split=None, min_samples_leaf=1,
            min_samples_split=8, min_weight_fraction_leaf=0.0,
            n_estimators=100, n_jobs=None, oob_score=False,
            random_state=123, verbose=0, warm_start=False)",white
44,0.06280424972462069,0.2816087340451152,0.01838897235060035,"RandomForestClassifier(bootstrap=True, class_weight='balanced',
            criterion='gini', max_depth=5, max_features='auto',
            max_leaf_nodes=None, min_impurity_decrease=0.0,
            min_impurity_split=None, min_samples_leaf=1,
            min_samples_split=2, min_weight_fraction_leaf=0.0,
            n_estimators=500, n_jobs=None, oob_score=False,
            random_state=123, verbose=0, warm_start=False)",white
45,0.07180293501048218,0.278604112432482,0.021393593963233523,"RandomForestClassifier(bootstrap=True, class_weight='balanced',
            criterion='gini', max_depth=10, max_features='auto',
            max_leaf_nodes=None, min_impurity_decrease=0.0,
            min_impurity_split=None, min_samples_leaf=1,
            min_samples_split=2, min_weight_fraction_leaf=0.0,
            n_estimators=500, n_jobs=None, oob_score=False,
            random_state=123, verbose=0, warm_start=False)",white
46,0.07397043669829087,0.2779561692221241,0.02204153717359144,"RandomForestClassifier(bootstrap=True, class_weight='balanced',
            criterion='gini', max_depth=20, max_features='auto',
            max_leaf_nodes=None, min_impurity_decrease=0.0,
            min_impurity_split=None, min_samples_leaf=1,
            min_samples_split=2, min_weight_fraction_leaf=0.0,
            n_estimators=500, n_jobs=None, oob_score=False,
            random_state=123, verbose=0, warm_start=False)",white
47,0.08041964253988558,0.27571703803942704,0.02428066835628849,"RandomForestClassifier(bootstrap=True, class_weight='balanced',
            criterion='gini', max_depth=100, max_features='auto',
            max_leaf_nodes=None, min_impurity_decrease=0.0,
            min_impurity_split=None, min_samples_leaf=1,
            min_samples_split=2, min_weight_fraction_leaf=0.0,
            n_estimators=500, n_jobs=None, oob_score=False,
            random_state=123, verbose=0, warm_start=False)",white
48,0.06280424972462069,0.2816087340451152,0.01838897235060035,"RandomForestClassifier(bootstrap=True, class_weight='balanced',
            criterion='gini', max_depth=5, max_features='auto',
            max_leaf_nodes=None, min_impurity_decrease=0.0,
            min_impurity_split=None, min_samples_leaf=1,
            min_samples_split=4, min_weight_fraction_leaf=0.0,
            n_estimators=500, n_jobs=None, oob_score=False,
            random_state=123, verbose=0, warm_start=False)",white
49,0.07183846782503642,0.2786671865503045,0.02133051984541107,"RandomForestClassifier(bootstrap=True, class_weight='balanced',
            criterion='gini', max_depth=10, max_features='auto',
            max_leaf_nodes=None, min_impurity_decrease=0.0,
            min_impurity_split=None, min_samples_leaf=1,
            min_samples_split=4, min_weight_fraction_leaf=0.0,
            n_estimators=500, n_jobs=None, oob_score=False,
            random_state=123, verbose=0, warm_start=False)",white
50,0.07419251678925488,0.27781568595970135,0.022182020436014173,"RandomForestClassifier(bootstrap=True, class_weight='balanced',
            criterion='gini', max_depth=20, max_features='auto',
            max_leaf_nodes=None, min_impurity_decrease=0.0,
            min_impurity_split=None, min_samples_leaf=1,
            min_samples_split=4, min_weight_fraction_leaf=0.0,
            n_estimators=500, n_jobs=None, oob_score=False,
            random_state=123, verbose=0, warm_start=False)",white
51,0.08145009416195857,0.27565396392160463,0.024343742474110943,"RandomForestClassifier(bootstrap=True, class_weight='balanced',
            criterion='gini', max_depth=100, max_features='auto',
            max_leaf_nodes=None, min_impurity_decrease=0.0,
            min_impurity_split=None, min_samples_leaf=1,
            min_samples_split=4, min_weight_fraction_leaf=0.0,
            n_estimators=500, n_jobs=None, oob_score=False,
            random_state=123, verbose=0, warm_start=False)",white
52,0.06305297942650037,0.2814539157559146,0.018543790639800915,"RandomForestClassifier(bootstrap=True, class_weight='balanced',
            criterion='gini', max_depth=5, max_features='auto',
            max_leaf_nodes=None, min_impurity_decrease=0.0,
            min_impurity_split=None, min_samples_leaf=1,
            min_samples_split=8, min_weight_fraction_leaf=0.0,
            n_estimators=500, n_jobs=None, oob_score=False,
            random_state=123, verbose=0, warm_start=False)",white
53,0.07207831432327755,0.2785295702932373,0.02146813610247824,"RandomForestClassifier(bootstrap=True, class_weight='balanced',
            criterion='gini', max_depth=10, max_features='auto',
            max_leaf_nodes=None, min_impurity_decrease=0.0,
            min_impurity_split=None, min_samples_leaf=1,
            min_samples_split=8, min_weight_fraction_leaf=0.0,
            n_estimators=500, n_jobs=None, oob_score=False,
            random_state=123, verbose=0, warm_start=False)",white
54,0.0742546992147248,0.2778386220025459,0.022159084393169645,"RandomForestClassifier(bootstrap=True, class_weight='balanced',
            criterion='gini', max_depth=20, max_features='auto',
            max_leaf_nodes=None, min_impurity_decrease=0.0,
            min_impurity_split=None, min_samples_leaf=1,
            min_samples_split=8, min_weight_fraction_leaf=0.0,
            n_estimators=500, n_jobs=None, oob_score=False,
            random_state=123, verbose=0, warm_start=False)",white
55,0.08142344455104289,0.2755106136538263,0.024487092741889243,"RandomForestClassifier(bootstrap=True, class_weight='balanced',
            criterion='gini', max_depth=100, max_features='auto',
            max_leaf_nodes=None, min_impurity_decrease=0.0,
            min_impurity_split=None, min_samples_leaf=1,
            min_samples_split=8, min_weight_fraction_leaf=0.0,
            n_estimators=500, n_jobs=None, oob_score=False,
            random_state=123, verbose=0, warm_start=False)",white
56,0.0633372419429343,0.28116434821500247,0.01883335818071308,"RandomForestClassifier(bootstrap=True, class_weight='balanced',
            criterion='gini', max_depth=5, max_features='auto',
            max_leaf_nodes=None, min_impurity_decrease=0.0,
            min_impurity_split=None, min_samples_leaf=1,
            min_samples_split=2, min_weight_fraction_leaf=0.0,
            n_estimators=1000, n_jobs=None, oob_score=False,
            random_state=123, verbose=0, warm_start=False)",white
57,0.07140319084674697,0.27868725558779345,0.02131045080792211,"RandomForestClassifier(bootstrap=True, class_weight='balanced',
            criterion='gini', max_depth=10, max_features='auto',
            max_leaf_nodes=None, min_impurity_decrease=0.0,
            min_impurity_split=None, min_samples_leaf=1,
            min_samples_split=2, min_weight_fraction_leaf=0.0,
            n_estimators=1000, n_jobs=None, oob_score=False,
            random_state=123, verbose=0, warm_start=False)",white
58,0.07358845894183279,0.2780909184738357,0.021906787921879837,"RandomForestClassifier(bootstrap=True, class_weight='balanced',
            criterion='gini', max_depth=20, max_features='auto',
            max_leaf_nodes=None, min_impurity_decrease=0.0,
            min_impurity_split=None, min_samples_leaf=1,
            min_samples_split=2, min_weight_fraction_leaf=0.0,
            n_estimators=1000, n_jobs=None, oob_score=False,
            random_state=123, verbose=0, warm_start=False)",white
59,0.08083715311089791,0.2755937568091377,0.02440394958657783,"RandomForestClassifier(bootstrap=True, class_weight='balanced',
            criterion='gini', max_depth=100, max_features='auto',
            max_leaf_nodes=None, min_impurity_decrease=0.0,
            min_impurity_split=None, min_samples_leaf=1,
            min_samples_split=2, min_weight_fraction_leaf=0.0,
            n_estimators=1000, n_jobs=None, oob_score=False,
            random_state=123, verbose=0, warm_start=False)",white
60,0.0633372419429343,0.28116434821500247,0.01883335818071308,"RandomForestClassifier(bootstrap=True, class_weight='balanced',
            criterion='gini', max_depth=5, max_features='auto',
            max_leaf_nodes=None, min_impurity_decrease=0.0,
            min_impurity_split=None, min_samples_leaf=1,
            min_samples_split=4, min_weight_fraction_leaf=0.0,
            n_estimators=1000, n_jobs=None, oob_score=False,
            random_state=123, verbose=0, warm_start=False)",white
61,0.07163415414134953,0.2786299154806821,0.02136779091503343,"RandomForestClassifier(bootstrap=True, class_weight='balanced',
            criterion='gini', max_depth=10, max_features='auto',
            max_leaf_nodes=None, min_impurity_decrease=0.0,
            min_impurity_split=None, min_samples_leaf=1,
            min_samples_split=4, min_weight_fraction_leaf=0.0,
            n_estimators=1000, n_jobs=None, oob_score=False,
            random_state=123, verbose=0, warm_start=False)",white
62,0.07410368475286927,0.27789309510430166,0.022104611291413893,"RandomForestClassifier(bootstrap=True, class_weight='balanced',
            criterion='gini', max_depth=20, max_features='auto',
            max_leaf_nodes=None, min_impurity_decrease=0.0,
            min_impurity_split=None, min_samples_leaf=1,
            min_samples_split=4, min_weight_fraction_leaf=0.0,
            n_estimators=1000, n_jobs=None, oob_score=False,
            random_state=123, verbose=0, warm_start=False)",white
63,0.0816188750310912,0.27547620958955954,0.024521496806156035,"RandomForestClassifier(bootstrap=True, class_weight='balanced',
            criterion='gini', max_depth=100, max_features='auto',
            max_leaf_nodes=None, min_impurity_decrease=0.0,
            min_impurity_split=None, min_samples_leaf=1,
            min_samples_split=4, min_weight_fraction_leaf=0.0,
            n_estimators=1000, n_jobs=None, oob_score=False,
            random_state=123, verbose=0, warm_start=False)",white
64,0.06339054116476567,0.2811528801935802,0.018844826202135345,"RandomForestClassifier(bootstrap=True, class_weight='balanced',
            criterion='gini', max_depth=5, max_features='auto',
            max_leaf_nodes=None, min_impurity_decrease=0.0,
            min_impurity_split=None, min_samples_leaf=1,
            min_samples_split=8, min_weight_fraction_leaf=0.0,
            n_estimators=1000, n_jobs=None, oob_score=False,
            random_state=123, verbose=0, warm_start=False)",white
65,0.0719539494723377,0.278604112432482,0.021393593963233523,"RandomForestClassifier(bootstrap=True, class_weight='balanced',
            criterion='gini', max_depth=10, max_features='auto',
            max_leaf_nodes=None, min_impurity_decrease=0.0,
            min_impurity_split=None, min_samples_leaf=1,
            min_samples_split=8, min_weight_fraction_leaf=0.0,
            n_estimators=1000, n_jobs=None, oob_score=False,
            random_state=123, verbose=0, warm_start=False)",white
66,0.07375723981096542,0.278016376334591,0.021981330061124554,"RandomForestClassifier(bootstrap=True, class_weight='balanced',
            criterion='gini', max_depth=20, max_features='auto',
            max_leaf_nodes=None, min_impurity_decrease=0.0,
            min_impurity_split=None, min_samples_leaf=1,
            min_samples_split=8, min_weight_fraction_leaf=0.0,
            n_estimators=1000, n_jobs=None, oob_score=False,
            random_state=123, verbose=0, warm_start=False)",white
67,0.08082826990725936,0.27562529386804896,0.0243724125276666,"RandomForestClassifier(bootstrap=True, class_weight='balanced',
            criterion='gini', max_depth=100, max_features='auto',
            max_leaf_nodes=None, min_impurity_decrease=0.0,
            min_impurity_split=None, min_samples_leaf=1,
            min_samples_split=8, min_weight_fraction_leaf=0.0,
            n_estimators=1000, n_jobs=None, oob_score=False,
            random_state=123, verbose=0, warm_start=False)",white
68,0.06270653448459652,0.2814453147398479,0.01855239165586761,"RandomForestClassifier(bootstrap=True, class_weight='balanced',
            criterion='gini', max_depth=5, max_features='auto',
            max_leaf_nodes=None, min_impurity_decrease=0.0,
            min_impurity_split=None, min_samples_leaf=1,
            min_samples_split=2, min_weight_fraction_leaf=0.0,
            n_estimators=2000, n_jobs=None, oob_score=False,
            random_state=123, verbose=0, warm_start=False)",white
69,0.07175851899228938,0.27865285152352665,0.0213448548721889,"RandomForestClassifier(bootstrap=True, class_weight='balanced',
            criterion='gini', max_depth=10, max_features='auto',
            max_leaf_nodes=None, min_impurity_decrease=0.0,
            min_impurity_split=None, min_samples_leaf=1,
            min_samples_split=2, min_weight_fraction_leaf=0.0,
            n_estimators=2000, n_jobs=None, oob_score=False,
            random_state=123, verbose=0, warm_start=False)",white
70,0.07373059020004974,0.2779905732863909,0.022007133109324648,"RandomForestClassifier(bootstrap=True, class_weight='balanced',
            criterion='gini', max_depth=20, max_features='auto',
            max_leaf_nodes=None, min_impurity_decrease=0.0,
            min_impurity_split=None, min_samples_leaf=1,
            min_samples_split=2, min_weight_fraction_leaf=0.0,
            n_estimators=2000, n_jobs=None, oob_score=False,
            random_state=123, verbose=0, warm_start=False)",white
71,0.08121024766371744,0.27553068269131525,0.02446702370440028,"RandomForestClassifier(bootstrap=True, class_weight='balanced',
            criterion='gini', max_depth=100, max_features='auto',
            max_leaf_nodes=None, min_impurity_decrease=0.0,
            min_impurity_split=None, min_samples_leaf=1,
            min_samples_split=2, min_weight_fraction_leaf=0.0,
            n_estimators=2000, n_jobs=None, oob_score=False,
            random_state=123, verbose=0, warm_start=False)",white
72,0.06270653448459652,0.2814453147398479,0.01855239165586761,"RandomForestClassifier(bootstrap=True, class_weight='balanced',
            criterion='gini', max_depth=5, max_features='auto',
            max_leaf_nodes=None, min_impurity_decrease=0.0,
            min_impurity_split=None, min_samples_leaf=1,
            min_samples_split=4, min_weight_fraction_leaf=0.0,
            n_estimators=2000, n_jobs=None, oob_score=False,
            random_state=123, verbose=0, warm_start=False)",white
73,0.07162527093771097,0.2786385164967488,0.02135918989896673,"RandomForestClassifier(bootstrap=True, class_weight='balanced',
            criterion='gini', max_depth=10, max_features='auto',
            max_leaf_nodes=None, min_impurity_decrease=0.0,
            min_impurity_split=None, min_samples_leaf=1,
            min_samples_split=4, min_weight_fraction_leaf=0.0,
            n_estimators=2000, n_jobs=None, oob_score=False,
            random_state=123, verbose=0, warm_start=False)",white
74,0.07363287496002559,0.27804504638814664,0.021952660007568896,"RandomForestClassifier(bootstrap=True, class_weight='balanced',
            criterion='gini', max_depth=20, max_features='auto',
            max_leaf_nodes=None, min_impurity_decrease=0.0,
            min_impurity_split=None, min_samples_leaf=1,
            min_samples_split=4, min_weight_fraction_leaf=0.0,
            n_estimators=2000, n_jobs=None, oob_score=False,
            random_state=123, verbose=0, warm_start=False)",white
75,0.08116583164552464,0.27561669285198226,0.024381013543733298,"RandomForestClassifier(bootstrap=True, class_weight='balanced',
            criterion='gini', max_depth=100, max_features='auto',
            max_leaf_nodes=None, min_impurity_decrease=0.0,
            min_impurity_split=None, min_samples_leaf=1,
            min_samples_split=4, min_weight_fraction_leaf=0.0,
            n_estimators=2000, n_jobs=None, oob_score=False,
            random_state=123, verbose=0, warm_start=False)",white
76,0.06270653448459652,0.2814453147398479,0.01855239165586761,"RandomForestClassifier(bootstrap=True, class_weight='balanced',
            criterion='gini', max_depth=5, max_features='auto',
            max_leaf_nodes=None, min_impurity_decrease=0.0,
            min_impurity_split=None, min_samples_leaf=1,
            min_samples_split=8, min_weight_fraction_leaf=0.0,
            n_estimators=2000, n_jobs=None, oob_score=False,
            random_state=123, verbose=0, warm_start=False)",white
77,0.07178516860320507,0.278604112432482,0.021393593963233523,"RandomForestClassifier(bootstrap=True, class_weight='balanced',
            criterion='gini', max_depth=10, max_features='auto',
            max_leaf_nodes=None, min_impurity_decrease=0.0,
            min_impurity_split=None, min_samples_leaf=1,
            min_samples_split=8, min_weight_fraction_leaf=0.0,
            n_estimators=2000, n_jobs=None, oob_score=False,
            random_state=123, verbose=0, warm_start=False)",white
78,0.031944000284262516,0.2844614043739034,0.00929196435738942,baseline,white
